﻿<?xml version="1.0" encoding="utf-8"?>
<key id="24298006-f3ae-4bd2-965e-9898ce4113f2" version="1">
  <creationDate>2025-10-28T14:45:40.1824859Z</creationDate>
  <activationDate>2025-10-28T14:45:40.1824859Z</activationDate>
  <expirationDate>2026-01-26T14:45:40.1824859Z</expirationDate>
  <descriptor deserializerType="Microsoft.AspNetCore.DataProtection.AuthenticatedEncryption.ConfigurationModel.AuthenticatedEncryptorDescriptorDeserializer, Microsoft.AspNetCore.DataProtection, Version=9.0.0.0, Culture=neutral, PublicKeyToken=adb9793829ddae60">
    <descriptor>
      <encryption algorithm="AES_256_CBC" />
      <validation algorithm="HMACSHA256" />
      <masterKey p4:requiresEncryption="true" xmlns:p4="http://schemas.asp.net/2015/03/dataProtection">
        <!-- Warning: the key below is in an unencrypted form. -->
        <value>VnWZBdE5q2R4w+Am0ER8slzkVcmIVH8tvRcfUGv7RFDx3BNiL5Sw8RWyYNOTaz/Wwd01vvcCMU1ZhhF9ImtJsg==</value>
      </masterKey>
    </descriptor>
  </descriptor>
</key>